sequence,c,r1,r2
QYWSDSWWESQMMSPWYPMSPLSV,0,-0.08333333,0.41666667
CKSEFQPPHLMGHDFFACEMRNFK,0,0.00000000,0.45833333
WPYGEHMLADNNVVKKRLQQWCFI,1,0.04166667,0.41666667
KVVGALPIESFYTAKMESIAVEVI,0,-0.04166667,0.33333333
MEFHAYSLGPASRWSSRHGYFTNL,1,0.04166667,0.45833333
TCYLFCLAQIVMFGRAYVGGYWAK,1,0.08333333,0.16666667
VFSHIVACCEIETRDTCVWNHMYM,0,-0.08333333,0.41666667
QRNQTEIRTLIYMPYGNKTYLRGS,1,0.12500000,0.54166667
WDNQRIKTALAGHTGVDSGWMHNF,0,0.00000000,0.50000000
PPVCRGWQMPRAALWVMRCRFPRQ,1,0.20833333,0.29166667
HPNAKNYGETIFFGLWGNDRKNLV,1,0.04166667,0.45833333
CMKEIYESFLDETTIWVIHMIAAR,0,-0.08333333,0.41666667
RWDTGMWGKDCIHRPIQKKDPTWA,1,0.08333333,0.50000000
WCCQLMAYPPAKMGHPTFDHPLPK,1,0.04166667,0.29166667
QPVRDFVLEVGQSILESHSLKVPS,0,-0.04166667,0.50000000
GREMRGFQKTPNATKKEGTYKPAP,1,0.16666667,0.54166667
ENEWNGSRHYWCVRWLGTLKILTF,1,0.04166667,0.45833333
AVSQIAPHARQQASSQENKHGETT,0,0.00000000,0.66666667
NADTREKMPSNDLSWWLYNMFMPA,0,-0.04166667,0.45833333
SLWFAIMPYVAKYVIYGHVEPTAT,0,0.00000000,0.25000000
YGWHYTLLMWYDERCGFLGRGRAQ,1,0.04166667,0.33333333
EEQEKNLDDMNSLDFSQNLSLFEY,0,-0.25000000,0.66666667
ETWDHYPQYKCVKCKNNHCPHVAY,1,0.04166667,0.50000000
YHIMRKVPSTNEFRPLAHNNCTLQ,1,0.08333333,0.54166667
DFRMNQYGSKDYPKTTGAREHLFM,1,0.04166667,0.54166667
IQWWSDVQTMQCMADEGMHHQYFV,0,-0.12500000,0.45833333
WAQMMMVRQIDCRNFIRHTVYSNF,1,0.08333333,0.45833333
DMTFGHSSDAILAKVYDSKNCPQL,0,-0.04166667,0.50000000
DRSICNKIPPSQTIPFMGPFISQN,1,0.04166667,0.45833333
QNHLSDAEIKYCIKWNVLNGKMLP,1,0.04166667,0.45833333
RQYCPEPSWSQHTNKPACMKVEEC,0,0.00000000,0.54166667
IWWWHVNCQCRDDHEHCPLCYAPI,0,-0.08333333,0.37500000
SDKSVTHIMERDIWPIIAWLRDRV,0,0.00000000,0.50000000
WSDAWDVYIWILAMNCEVGRMYYC,0,-0.08333333,0.25000000
VAKELIRNYGDEFCWLVNSSMKED,0,-0.08333333,0.50000000
VTWANPHINITFCDPMHIIRIQCQ,0,0.00000000,0.41666667
GYYWVTHLVHMVDIWFSDMPIHYE,0,-0.12500000,0.33333333
TRALRHDDVWVDYYFIWTALTYQF,0,-0.04166667,0.41666667
CGNGSDFDTFIQMWICACGMCIDK,0,-0.08333333,0.33333333
NGQMACTQENWAWSVFHFEWWCPK,0,-0.04166667,0.41666667
GSRETKHEVTADCPFQWNGRALKK,1,0.08333333,0.58333333
CHGKYTFTFGMEIRDMPAWYGHFV,0,0.00000000,0.33333333
GSYDNPLAIKWQMVCNSSRMDWTM,0,0.00000000,0.45833333
FRIAQIRSKIGYLQNIFVMSLLLR,1,0.16666667,0.37500000
SCCDWRQMQDRVGPAMMKEWACGE,0,-0.04166667,0.41666667
FFSELMKCHYHYCYAWRRPIAKDW,1,0.08333333,0.37500000
AWGPVLDFNIQSDIFYPCRTDMGL,0,-0.08333333,0.33333333
PHTCRRIMMMEQDLTNFPLAYCTQ,0,0.00000000,0.45833333
DQINDGSAHENQYCQNPSDPFVWK,0,-0.12500000,0.58333333
QMRSHFQYGCGWMITPMRFPKNMA,1,0.12500000,0.37500000
EECYALAGDYDFKVRIQHAQCTWQ,0,-0.08333333,0.45833333
ITKQMWVNDVWDTEVRHHSFMTLF,0,-0.04166667,0.54166667
EHAKYVKNSNCYNKENNVDLFYCN,0,0.00000000,0.58333333
SYYVPKTKQRLTTSRCGLKGVVKA,1,0.25000000,0.50000000
TDAKGWHYNWHWPLHQFCHLPVHA,0,0.00000000,0.41666667
YIVRMSDSFHSGHDHDKKNLIMYH,0,0.00000000,0.58333333
CTHVQNPNSIETNCHEHYDFGTSM,0,-0.12500000,0.62500000
RWWYQNHLMCYNSKDACYHPWINM,1,0.04166667,0.41666667
RKSNGGKSLIQNAGITCVKWCYGV,1,0.16666667,0.41666667
WWNQITTPHWCKWWASHWMQYSRW,1,0.08333333,0.45833333
IDTICWQVCILVQESDAKDVFEGN,0,-0.16666667,0.45833333
NFHEWVLWELTGQWRVWSRQHSKE,0,0.00000000,0.58333333
VTYCMMAKFAGMDYEQKICVHVAC,0,0.00000000,0.29166667
KVKTTLKVEREAPPYTRMSLSAWT,1,0.12500000,0.54166667
